{
  "model_type": "linear_regression",
  "coefficients": {
    "quali_pos": 1.4163258762079556,
    "constructor_form": 0.5298889878712546,
    "driver_form": 0.0,
    "circuit_effect": 0.11627653243351702,
    "driver_consistency": 0.16977379732965037
  },
  "features": [
    "quali_pos",
    "constructor_form",
    "driver_form",
    "circuit_effect",
    "driver_consistency"
  ],
  "exported_at": "2025-12-01T16:19:49.719406"
}